{
  "IsEncrypted": false,
  "Values": {
    "AzureWebJobsStorage": "DefaultEndpointsProtocol=https;AccountName=mimecastttpy6usefino72e4;AccountKey=f2nQvH0FmJxodM1brhIaFk4oBAedNo7YRqkN/yar+4F0FyFh7xyty0VcAVsdYMtE8EFOnJvRe6Jd+AStA7BUnw==;EndpointSuffix=core.windows.net",
    "FUNCTIONS_WORKER_RUNTIME": "python",
    "BaseURL": "https://api.services.mimecast.com",
    "WorkspaceID": "cd06fca2-9fe1-48ee-a6fd-0da7ee480d4e",
    "WorkspaceKey": "xPq1ER2ZiEwfoyGHwj4hzW8KlZ2U1UeQOKjRyrOxNg2ykOZrWf+N9ou93ZEv+9dOZb6qE7b2zZlxyuRn/zFKWQ==",
    "Mimecast_Client_ID": "9PPscgGH1DtBZerQWsrpn8KujY3ZgIUjne5cFRlpji2dKRce",
    "Mimecast_Client_Secret": "AfmVKonG6AX1VMPrqZ0sGMbLHjOLTUi2EARGhP6pFIEyi0zB2OuRnywl5uJdNkRR",
    "Start_Date": "2024-06-19",
    "Connection_String": "DefaultEndpointsProtocol=https;AccountName=mimecastttpy6usefino72e4;AccountKey=f2nQvH0FmJxodM1brhIaFk4oBAedNo7YRqkN/yar+4F0FyFh7xyty0VcAVsdYMtE8EFOnJvRe6Jd+AStA7BUnw==;EndpointSuffix=core.windows.net"
  }
}