{
	"id": "TenableVM",
	"title": "Tenable Vulnerability Management",
	"publisher": "Tenable",
	"descriptionMarkdown": "The TVM data connector provides the ability to ingest Asset, Vulnerability, Compliance, WAS assets and WAS vulnerabilities data into Microsoft Sentinel using TVM REST APIs. Refer to [API documentation](https://developer.tenable.com/reference) for more information. The connector provides the ability to get data which helps to examine potential security risks, get insight into your computing assets, diagnose configuration problems and more",
	"additionalRequirementBanner": "These queries and workbooks are dependent on a [**TenableVM parser for vulnerabilities**](https://aka.ms/sentinel-TenableApp-TenableVMVulnerabilities-parser) and a [**TenableVM parser for assets**](https://aka.ms/sentinel-TenableApp-TenableVMAssets-parser) based on Kusto to work as expected which is deployed with the Microsoft Sentinel Solution.",
	"graphQueries": [
		{
			"metricName": "Total Assets data received",
			"legend": "Tenable_VM_Asset_CL",
			"baseQuery": "Tenable_VM_Asset_CL"
		},
		{
			"metricName": "Total Vulnerability data received",
			"legend": "Tenable_VM_Vuln_CL",
			"baseQuery": "Tenable_VM_Vuln_CL"
		},
		{
			"metricName": "Total Compliance data received",
			"legend": "Tenable_VM_Compliance_CL",
			"baseQuery": "Tenable_VM_Compliance_CL"
		},
		{
			"metricName": "Total WAS asset data received",
			"legend": "Tenable_WAS_Asset_CL",
			"baseQuery": "Tenable_WAS_Asset_CL"
		},
		{
			"metricName": "Total WAS vulnerabilities data received",
			"legend": "Tenable_WAS_Vuln_CL",
			"baseQuery": "Tenable_WAS_Vuln_CL"
		}
	],
	"sampleQueries": [
		{
			"description": "Tenable VM Report - All Assets",
			"query": "Tenable_VM_Asset_CL\n | sort by TimeGenerated desc"
		},
		{
			"description": "Tenable VM Report - All Vulns",
			"query": "Tenable_VM_Vuln_CL\n | sort by TimeGenerated desc"
		},
		{
			"description": "Tenable VM Report - All Compliance",
			"query": "Tenable_VM_Compliance_CL\n | sort by TimeGenerated desc"
		},
		{
			"description": "Tenable WAS Report - All Assets",
			"query": "Tenable_WAS_Asset_CL\n | sort by TimeGenerated desc"
		},
		{
			"description": "Tenable WAS Report - All Vulns",
			"query": "Tenable_WAS_Vuln_CL\n | sort by TimeGenerated desc"
		},
		{
			"description": "Select unique vulnerabilities by a specific asset.",
			"query": "Tenable_VM_Vuln_CL\n | where asset_fqdn_s has \"one.one.one.one\"\n | summarize any(asset_fqdn_s, plugin_id_d, plugin_cve_s) by plugin_id_d"
		},
		{
			"description": "Select all Azure assets.",
			"query": "Tenable_VM_Asset_CL\n | where isnotempty(azure_resource_id_s) or isnotempty(azure_vm_id_g)"
		}
	],
	"dataTypes": [
		{
			"name": "Tenable_VM_Asset_CL",
			"lastDataReceivedQuery": "Tenable_VM_Asset_CL\n            | summarize Time = max(TimeGenerated)\n            | where isnotempty(Time)"
		},
		{
			"name": "Tenable_VM_Vuln_CL",
			"lastDataReceivedQuery": "Tenable_VM_Vuln_CL\n            | summarize Time = max(TimeGenerated)\n            | where isnotempty(Time)"
		},
		{
			"name": "Tenable_VM_Compliance_CL",
			"lastDataReceivedQuery": "Tenable_VM_Compliance_CL\n            | summarize Time = max(TimeGenerated)\n            | where isnotempty(Time)"
		},
		{
			"name": "Tenable_WAS_Asset_CL",
			"lastDataReceivedQuery": "Tenable_WAS_Asset_CL\n            | summarize Time = max(TimeGenerated)\n            | where isnotempty(Time)"
		},
		{
			"name": "Tenable_WAS_Vuln_CL",
			"lastDataReceivedQuery": "Tenable_WAS_Vuln_CL\n            | summarize Time = max(TimeGenerated)\n            | where isnotempty(Time)"
		}
	],
	"connectivityCriterias": [
		{
			"type": "IsConnectedQuery",
			"value": [
				"Tenable_VM_Asset_CL\n            | summarize LastLogReceived = max(TimeGenerated)\n            | project IsConnected = LastLogReceived > ago(30d)"
			]
		},
		{
			"type": "IsConnectedQuery",
			"value": [
				"Tenable_VM_Vuln_CL\n            | summarize LastLogReceived = max(TimeGenerated)\n            | project IsConnected = LastLogReceived > ago(30d)"
			]
		},
		{
			"type": "IsConnectedQuery",
			"value": [
				"Tenable_VM_Compliance_CL\n            | summarize LastLogReceived = max(TimeGenerated)\n            | project IsConnected = LastLogReceived > ago(30d)"
			]
		},
		{
			"type": "IsConnectedQuery",
			"value": [
				"Tenable_WAS_Asset_CL\n            | summarize LastLogReceived = max(TimeGenerated)\n            | project IsConnected = LastLogReceived > ago(30d)"
			]
		},
		{
			"type": "IsConnectedQuery",
			"value": [
				"Tenable_WAS_Vuln_CL\n            | summarize LastLogReceived = max(TimeGenerated)\n            | project IsConnected = LastLogReceived > ago(30d)"
			]
		}
	],
	"availability": {
		"status": 1,
		"isPreview": false
	},
	"permissions": {
		"resourceProvider": [
			{
				"provider": "Microsoft.OperationalInsights/workspaces",
				"permissionsDisplayText": "read and write permissions on the workspace are required.",
				"providerDisplayName": "Workspace",
				"scope": "Workspace",
				"requiredPermissions": {
					"write": true,
					"read": true,
					"delete": true
				}
			},
			{
				"provider": "Microsoft.OperationalInsights/workspaces/sharedKeys",
				"permissionsDisplayText": "read permissions to shared keys for the workspace are required. [See the documentation to learn more about workspace keys](https://docs.microsoft.com/azure/azure-monitor/platform/agent-windows#obtain-workspace-id-and-key).",
				"providerDisplayName": "Keys",
				"scope": "Workspace",
				"requiredPermissions": {
					"action": true
				}
			}
		],
		"customs": [
			{
				"name": "Microsoft.Web/sites permissions",
				"description": "Read and write permissions to Azure Functions to create a Function App is required. [See the documentation to learn more about Azure Functions](https://docs.microsoft.com/azure/azure-functions/)."
			},
			{
				"name": "REST API Credentials/permissions",
				"description": "Both a **TenableAccessKey** and a **TenableSecretKey** is required to access the Tenable REST API. [See the documentation to learn more about API](https://developer.tenable.com/reference#vulnerability-management). Check all [requirements and follow  the instructions](https://docs.tenable.com/vulnerability-management/Content/Settings/my-account/GenerateAPIKey.htm) for obtaining credentials."
			}
		]
	},
	"instructionSteps": [
		{
			"title": "",
			"description": ">**NOTE:** This connector uses Azure Durable Functions to connect to the TenableVM API to pull [assets](https://developer.tenable.com/reference#exports-assets-download-chunk), [vulnerabilities](https://developer.tenable.com/reference#exports-vulns-request-export) and [compliance](https://developer.tenable.com/reference#exports-compliance-request-export)(if selected) at a regular interval into Microsoft Sentinel. This might result in additional data ingestion costs. Check the [Azure Functions pricing page](https://azure.microsoft.com/pricing/details/functions/) for details."
		},
		{
			"title": "",
			"description": ">**(Optional Step)** Securely store workspace and API authorization key(s) or token(s) in Azure Key Vault. Azure Key Vault provides a secure mechanism to store and retrieve key values. [Follow these instructions](https://docs.microsoft.com/azure/app-service/app-service-key-vault-references) to use Azure Key Vault with an Azure Function App."
		},
		{
			"description": ">**NOTE:** This data connector depends on a [**TenableVM parser for vulnerabilities**](https://aka.ms/sentinel-TenableApp-TenableVMVulnerabilities-parser) and a [**TenableVM parser for assets**](https://aka.ms/sentinel-TenableApp-TenableVMAssets-parser) based on a Kusto Function to work as expected which is deployed with the Microsoft Sentinel Solution."
		},
		{
			"title": "",
			"description": "**STEP 1 - Configuration steps for TenableVM**\n\n [Follow the instructions](https://docs.tenable.com/vulnerability-management/Content/Settings/my-account/GenerateAPIKey.htm) to obtain the required API credentials. \n"
		},
		{
			"title": "",
			"description": "**STEP 2 - Choose ONE from the following two deployment options to deploy the connector and the associated Azure Function App**\n\n>**IMPORTANT:** Before deploying the Workspace data connector, have the Workspace ID and Workspace Primary Key (can be copied from the following).",
			"instructions": [
				{
					"parameters": {
						"fillWith": [
							"WorkspaceId"
						],
						"label": "Workspace ID"
					},
					"type": "CopyableLabel"
				},
				{
					"parameters": {
						"fillWith": [
							"PrimaryKey"
						],
						"label": "Primary Key"
					},
					"type": "CopyableLabel"
				}
			]
		},
		{
			"title": "Option 1 - Azure Resource Manager (ARM) Template",
			"description": "Use this method for automated deployment of the TenableVM Vulnerability Management Report data connector using an ARM Template.\n\n1. Click the **Deploy to Azure** button below. \n\n\t[![Deploy To Azure](https://aka.ms/deploytoazurebutton)](https://aka.ms/sentinel-TenableVM-azuredeploy)\n2. Select the preferred **Subscription**, **Resource Group** and **Location**. \n3. Enter the **TenableAccessKey** and **TenableSecretKey** and deploy. \n4. Select **Lowest Severity to Store** to set the lowest vulnerability severity. Default is Info. \n5. Select **Lowest Severity to Store for WAS** to set the lowest severity for WAS vulnerabilities. Default is Info. \n6. Select true for **Compliance Data Ingestion**, **WAS Asset Data Ingestion** and **WAS Vulnerability Data Ingestion** to ingest Compliance, WAS asset and WAS vulnerability data respectively. Default is false. \n6. Mark the checkbox labeled **I agree to the terms and conditions stated above**. \n7. Click **Purchase** to deploy."
		},
		{
			"title": "Option 2 - Manual Deployment of Azure Functions",
			"description": "Use the following step-by-step instructions to deploy the TenableVM Vulnerability Management Report data connector manually with Azure Functions (Deployment via Visual Studio Code)."
		},
		{
			"title": "",
			"description": "**1. Deploy a Function App**\n\n> **NOTE:** You will need to [prepare VS code](https://docs.microsoft.com/azure/azure-functions/functions-create-first-function-python#prerequisites) for Azure function development.\n\n1. Download the [Azure Function App](https://aka.ms/sentinel-TenableVMAzureSentinelConnector-functionapp) file. Extract archive to your local development computer.\n2. Start VS Code. Choose File in the main menu and select Open Folder.\n3. Select the top level folder from extracted files.\n4. Choose the Azure icon in the Activity bar, then in the **Azure: Functions** area, choose the **Deploy to function app** button.\nIf you aren't already signed in, choose the Azure icon in the Activity bar, then in the **Azure: Functions** area, choose **Sign in to Azure**\nIf you're already signed in, go to the next step.\n5. Provide the following information at the prompts:\n\n\ta. **Select folder:** Choose a folder from your workspace or browse to one that contains your function app.\n\n\tb. **Select Subscription:** Choose the subscription to use.\n\n\tc. Select **Create new Function App in Azure** (Don't choose the Advanced option)\n\n\td. **Enter a globally unique name for the function app:** Type a name that is valid in a URL path. The name you type is validated to make sure that it's unique in Azure Functions. (e.g. TenableVMXXXXX).\n\n\te. **Select a runtime:** Choose Python 3.12.\n\n\tf. Select a location for new resources. For better performance and lower costs choose the same [region](https://azure.microsoft.com/regions/) where Microsoft Sentinel is located.\n\n6. Deployment will begin. A notification is displayed after your function app is created and the deployment package is applied.\n7. Go to Azure Portal for the Function App configuration."
		},
		{
			"title": "",
			"description": "**2. Configure the Function App**\n\n1. In the Function App, select the Function App Name and select **Configuration**.\n2. In the **Application settings** tab, select **New application setting**.\n3. Add each of the following application settings individually, with their respective string values (case-sensitive): \n\n\t a. **WorkspaceID** - Enter the Workspace ID of the log analytics Workspace. \n\n\t b. **WorkspaceKey** - Enter the Workspace Key of the log analytics Workspace. \n\n\t c. **TenableAccessKey** - Enter Access key for using the Tenable API. \n\n\t d. **TenableSecretKey** - Enter Tenable Secret Key for Authentication. \n\n\t e. **LowestSeveritytoStore** - Lowest vulnerability severity to store. Allowed Values: Info, Low, Medium, High, Critical. Default is Info. \n\n\t f. **ComplianceDataIngestion** - Select true if you want to enable Compliance data ingestion from Tenable VM. Default is false. \n\n\t g. **WASAssetDataIngestion** - Select true if you want to enable WAS Asset data ingestion from Tenable VM. Default is false. \n\n\t h. **WASVulnerabilityDataIngestion** - Select true if you want to enable WAS Vulnerability data ingestion from Tenable VM. Default is false. \n\n\t i. **LowestSeveritytoStoreWAS** - The Lowest Vulnerability severity to store for WAS. Allowed Values: Info, Low, Medium, High, Critical. Default is Info. \n\n\t j. **TenableExportScheduleInMinutes** - Schedule in minutes to create new export job from Tenable VM. Default is 1440. \n\n\t k. **AssetTableName** - Enter name of the table used to store Asset Data logs. \n\n\t l. **VulnTableName** - Enter name of the table used to store Vulnerability Data logs. \n\n\t m. **ComplianceTableName** - Enter name of the table used to store Compliance Data logs. \n\n\t n. **WASAssetTableName** - Enter name of the table used to store WAS Asset Data logs. \n\n\t o. **WASVulnTableName** - Enter name of the table used to store WAS Vulnerability Data logs. \n\n\t p. **PyTenableUAVendor** - Value must be set to **Microsoft**. \n\n\t q. **PyTenableUAProduct** - Value must be set to **Azure Sentinel**. \n\n\t r. **PyTenableUABuild** - Value must be set to **0.0.1**. \n\n\t s. **logAnalyticsUri (optional)** - Configure this option to override the log analytics API endpoint for dedicated cloud. For example, for public cloud, leave the value empty; for Azure GovUS cloud environment, specify the value in the following format: `https://<CustomerId>.ods.opinsights.azure.us`.\n3. Once all application settings have been entered, click **Save**."
		}
	],
	"metadata": {
		"id": "87b003e3-ad99-4399-be20-ffcdafb8ac2b",
		"version": "1.0.0",
		"kind": "dataConnector",
		"source": {
			"kind": "solution",
			"name": "TenableVM"
		},
		"author": {
			"name": "Tenable"
		},
		"support": {
			"tier": "community",
			"name": "Tenable",
			"link": "https://www.tenable.com/support/technical-support"
		}
	}
}