{
    "id": "DataminrPulseAlerts",
    "title": "Dataminr Pulse Alerts Data Connector",
    "publisher": "Dataminr",
    "descriptionMarkdown": "Dataminr Pulse Alerts Data Connector brings our AI-powered real-time intelligence into Microsoft Sentinel for faster threat detection and response.",
    "graphQueries": [
        {
            "metricName": "Total Alerts data received",
            "legend": "DataminrPulse_Alerts_CL",
            "baseQuery": "DataminrPulse_Alerts_CL"
        }
    ],
    "sampleQueries": [
        {
            "description": "Dataminr Pulse Alerts Data for all alertTypes",
            "query": "DataminrPulse_Alerts_CL\n | sort by TimeGenerated desc"
        }
    ],
    "dataTypes": [
        {
            "name": "DataminrPulse_Alerts_CL",
            "lastDataReceivedQuery": "DataminrPulse_Alerts_CL\n            | summarize Time = max(TimeGenerated)\n            | where isnotempty(Time)"
        }
    ],
    "connectivityCriterias": [
        {
            "type": "IsConnectedQuery",
            "value": [
                "DataminrPulse_Alerts_CL\n            | summarize LastLogReceived = max(TimeGenerated)\n            | project IsConnected = LastLogReceived > ago(30d)"
            ]
        }
    ],
    "availability": {
        "status": 1,
        "isPreview": true
    },
    "permissions": {
        "resourceProvider": [
            {
                "provider": "Microsoft.OperationalInsights/workspaces",
                "permissionsDisplayText": "read and write permissions on the workspace are required.",
                "providerDisplayName": "Workspace",
                "scope": "Workspace",
                "requiredPermissions": {
                    "write": true,
                    "read": true,
                    "delete": true
                }
            },
            {
                "provider": "Microsoft.OperationalInsights/workspaces/sharedKeys",
                "permissionsDisplayText": "read permissions to shared keys for the workspace are required. [See the documentation to learn more about workspace keys](https://docs.microsoft.com/azure/azure-monitor/platform/agent-windows#obtain-workspace-id-and-key).",
                "providerDisplayName": "Keys",
                "scope": "Workspace",
                "requiredPermissions": {
                    "action": true
                }
            }
        ],
        "customs": [
            {
                "name": "Azure Subscription",
                "description": "Azure Subscription with owner role is required to register an application in Microsoft Entra ID and assign role of contributor to app in resource group."
            },
            {
                "name": "Microsoft.Web/sites permissions",
                "description": "Read and write permissions to Azure Functions to create a Function App is required. [See the documentation to learn more about Azure Functions](https://docs.microsoft.com/azure/azure-functions/)."
            },
            {
                "name": "Required Dataminr Credentials/permissions",
                "description": "\n\na. Users must have a valid Dataminr Pulse API **client ID** and **secret** to use this data connector.\n\n b. One or more Dataminr Pulse Watchlists must be configured in the Dataminr Pulse website."
            }
        ]
    },
    "instructionSteps": [
        {
            "title": "",
            "description": ">**NOTE:** This connector uses Azure Functions to connect to the DataminrPulse in which logs are pushed via Dataminr RTAP and it will ingest logs into Microsoft Sentinel. Furthermore, the connector will fetch the ingested data from the custom logs table and create Threat Intelligence Indicators into Microsoft Sentinel Threat Intelligence. This might result in additional data ingestion costs. Check the [Azure Functions pricing page](https://azure.microsoft.com/pricing/details/functions/) for details."
        },
        {
            "title": "",
            "description": ">**(Optional Step)** Securely store workspace and API authorization key(s) or token(s) in Azure Key Vault. Azure Key Vault provides a secure mechanism to store and retrieve key values. [Follow these instructions](https://docs.microsoft.com/azure/app-service/app-service-key-vault-references) to use Azure Key Vault with an Azure Function App."
        },
        {
            "title": "",
            "description": "**STEP 1- Credentials for the Dataminr Pulse Client ID and Client Secret**\n\n * Obtain Dataminr Pulse user ID/password and API client ID/secret from your Dataminr Customer Success Manager (CSM)."
        },
        {
            "title": "",
            "description": "**STEP 2- Configure Watchlists in Dataminr Pulse portal.**\n\n Follow the steps in this section to configure watchlists in portal:\n\n 1. **Login** to the Dataminr Pulse [website](https://app.dataminr.com).\n\n 2. Click on the settings gear icon, and select **Manage Lists**.\n\n 3. Select the type of Watchlist you want to create (Cyber, Topic, Company, etc.) and click the **New List** button.\n\n 4. Provide a **name** for your new Watchlist, and select a highlight color for it, or keep the default color.\n\n 5. When you are done configuring the Watchlist, click **Save** to save it."
        },
        {
            "title": "",
            "description": "**STEP 3 - App Registration steps for the Application in Microsoft Entra ID**\n\n This integration requires an App registration in the Azure portal. Follow the steps in this section to create a new application in Microsoft Entra ID:\n 1. Sign in to the [Azure portal](https://portal.azure.com/).\n 2. Search for and select **Microsoft Entra ID**.\n 3. Under **Manage**, select **App registrations > New registration**.\n 4. Enter a display **Name** for your application.\n 5. Select **Register** to complete the initial app registration.\n 6. When registration finishes, the Azure portal displays the app registration's Overview pane. You see the **Application (client) ID** and **Tenant ID**. The client ID and Tenant ID is required as configuration parameters for the execution of DataminrPulse Data Connector. \n\n> **Reference link:** [https://learn.microsoft.com/azure/active-directory/develop/quickstart-register-app](https://learn.microsoft.com/azure/active-directory/develop/quickstart-register-app)"
        },
        {
            "title": "",
            "description": "**STEP 4 - Add a client secret for application in Microsoft Entra ID**\n\n Sometimes called an application password, a client secret is a string value required for the execution of DataminrPulse Data Connector. Follow the steps in this section to create a new Client Secret:\n 1. In the Azure portal, in **App registrations**, select your application.\n 2. Select **Certificates & secrets > Client secrets > New client secret**.\n 3. Add a description for your client secret.\n 4. Select an expiration for the secret or specify a custom lifetime. Limit is 24 months.\n 5. Select **Add**. \n 6. *Record the secret's value for use in your client application code. This secret value is never displayed again after you leave this page.* The secret value is required as configuration parameter for the execution of DataminrPulse Data Connector. \n\n> **Reference link:** [https://learn.microsoft.com/azure/active-directory/develop/quickstart-register-app#add-a-client-secret](https://learn.microsoft.com/azure/active-directory/develop/quickstart-register-app#add-a-client-secret)"
        },
        {
            "title": "",
            "description": "**STEP 5 - Assign role of Contributor to application in Microsoft Entra ID**\n\n Follow the steps in this section to assign the role:\n 1. In the Azure portal, Go to **Resource Group** and select your resource group.\n 2. Go to **Access control (IAM)** from left panel.\n 3. Click on **Add**, and then select **Add role assignment**.\n 4. Select **Contributor** as role and click on next.\n 5. In **Assign access to**, select `User, group, or service principal`.\n 6. Click on **add members** and type **your app name** that you have created and select it.\n 7. Now click on **Review + assign** and then again click on **Review + assign**. \n\n> **Reference link:** [https://learn.microsoft.com/azure/role-based-access-control/role-assignments-portal](https://learn.microsoft.com/azure/role-based-access-control/role-assignments-portal)"
        },
        {
            "title": "",
            "description": "**STEP 6 - Choose ONE from the following two deployment options to deploy the connector and the associated Azure Function**\n\n>**IMPORTANT:** Before deploying the Dataminr Pulse Microsoft Sentinel data connector, have the Workspace ID and Workspace Primary Key (can be copied from the following) readily available.",
            "instructions": [
                {
                    "parameters": {
                        "fillWith": [
                            "WorkspaceId"
                        ],
                        "label": "Workspace ID"
                    },
                    "type": "CopyableLabel"
                },
                {
                    "parameters": {
                        "fillWith": [
                            "PrimaryKey"
                        ],
                        "label": "Primary Key"
                    },
                    "type": "CopyableLabel"
                }
            ]
        },
        {
            "title": "Option 1 - Azure Resource Manager (ARM) Template",
            "description": "Use this method for automated deployment of the DataminrPulse connector.\n\n1. Click the **Deploy to Azure** button below. \n\n\t[![Deploy To Azure](https://aka.ms/deploytoazurebutton)](https://aka.ms/sentinel-DataminrPulseAlerts-azuredeploy)\n2. Select the preferred **Subscription**, **Resource Group** and **Location**. \n3. Enter the below information : \n\t\tFunction Name \n\t\tWorkspace ID \n\t\tWorkspace Key \n\t\tAlertsTableName \n\t\tBaseURL \n\t\tClientId \n\t\tClientSecret \n\t\tAzureClientId \n\t\tAzureClientSecret \n\t\tAzureTenantId \n\t\tAzureResourceGroupName \n\t\tAzureWorkspaceName \n\t\tAzureSubscriptionId \n\t\tSchedule \n\t\tLogLevel \n \n4. Mark the checkbox labeled **I agree to the terms and conditions stated above**. \n5. Click **Purchase** to deploy."
        },
        {
            "title": "Option 2 - Manual Deployment of Azure Functions",
            "description": "Use the following step-by-step instructions to deploy the Dataminr Pulse Microsoft Sentinel data connector manually with Azure Functions (Deployment via Visual Studio Code)."
        },
        {
            "title": "1) Deploy a Function App",
            "description": "> **NOTE:** You will need to [prepare VS code](https://docs.microsoft.com/azure/azure-functions/functions-create-first-function-python#prerequisites) for Azure function development.\n\n1. Download the [Azure Function App](https://aka.ms/sentinel-DataminrPulseAlerts-functionapp) file. Extract archive to your local development computer.\n2. Start VS Code. Choose File in the main menu and select Open Folder.\n3. Select the top level folder from extracted files.\n4. Choose the Azure icon in the Activity bar, then in the **Azure: Functions** area, choose the **Deploy to function app** button.\nIf you aren't already signed in, choose the Azure icon in the Activity bar, then in the **Azure: Functions** area, choose **Sign in to Azure**\nIf you're already signed in, go to the next step.\n5. Provide the following information at the prompts:\n\n\ta. **Select folder:** Choose a folder from your workspace or browse to one that contains your function app.\n\n\tb. **Select Subscription:** Choose the subscription to use.\n\n\tc. Select **Create new Function App in Azure** (Don't choose the Advanced option)\n\n\td. **Enter a globally unique name for the function app:** Type a name that is valid in a URL path. The name you type is validated to make sure that it's unique in Azure Functions. (e.g. DmPulseXXXXX).\n\n\te. **Select a runtime:** Choose Python 3.8 or above.\n\n\tf. Select a location for new resources. For better performance and lower costs choose the same [region](https://azure.microsoft.com/regions/) where Microsoft Sentinel is located.\n\n6. Deployment will begin. A notification is displayed after your function app is created and the deployment package is applied.\n7. Go to Azure Portal for the Function App configuration."
        },
        {
            "title": "2) Configure the Function App",
            "description": "1. In the Function App, select the Function App Name and select **Configuration**.\n2. In the **Application settings** tab, select **+ New application setting**.\n3. Add each of the following application settings individually, with their respective values (case-sensitive): \n\t\tFunction Name \n\t\tWorkspace ID \n\t\tWorkspace Key \n\t\tAlertsTableName \n\t\tBaseURL \n\t\tClientId \n\t\tClientSecret\n\t\tAzureClientId \n\t\tAzureClientSecret \n\t\tAzureTenantId \n\t\tAzureResourceGroupName \n\t\tAzureWorkspaceName \n\t\tAzureSubscriptionId \n\t\tSchedule \n\t\tLogLevel\n\t\tlogAnalyticsUri (optional) \n - Use logAnalyticsUri to override the log analytics API endpoint for dedicated cloud. For example, for public cloud, leave the value empty; for Azure GovUS cloud environment, specify the value in the following format: `https://<CustomerId>.ods.opinsights.azure.us`.\n4. Once all application settings have been entered, click **Save**."
        },
        {
            "title": "",
            "description": "**STEP 7 - Post Deployment steps**\n\n"
        },
        {
            "title": "1) Get the Function app endpoint",
            "description": "1. Go to Azure function Overview page and Click on **\"Functions\"** in the left blade.\n2. Click on the function called **\"DataminrPulseAlertsHttpStarter\"**.\n3. Go to **\"GetFunctionurl\"** and copy the function url.\n4. Replace **{functionname}**  with **\"DataminrPulseAlertsSentinelOrchestrator\"** in copied function url."
        },
        {
            "title": "2) To add integration settings in Dataminr RTAP using the function URL",
            "description": "1. Open any API request tool like Postman.\n2. Click on '+' to create a new request.\n3. Select HTTP request method as **'POST'**.\n4. Enter the url prepapred in **point 1)**, in the request URL part.\n5. In Body, select raw JSON and provide request body as below(case-sensitive): \n\t\t{ \n\t\t \"integration-settings\": \"ADD\", \n\t\t \"url\": \"`(URL part from copied Function-url)`\", \n\t\t \"token\": \"`(value of code parameter from copied Function-url)`\" \n\t\t}\n6. After providing all required details, click **Send**.\n7. You will receive an integration setting ID in the HTTP response with a status code of 200.\n8. Save **Integration ID** for future reference."
        },
        {
            "title": "",
            "description": "*Now we are done with the adding integration settings for Dataminr RTAP. Once the Dataminr RTAP send an alert data, Function app is triggered and you should be able to see the Alerts data from the Dataminr Pulse into LogAnalytics workspace table called \"DataminrPulse_Alerts_CL\".*\n\n"
        }
    ]
}