{
    "$schema": "http://schema.management.azure.com/schemas/2015-01-01/deploymentTemplate.json#",
    "contentVersion": "1.0.0.0",
    "parameters": {
        "FunctionName": {
            "defaultValue": "MimecastTtp",
            "minLength": 1,
            "maxLength": 11,
            "type": "string"
        },
        "Location": {
            "defaultValue": "[resourceGroup().location]",
            "type": "string",
            "metadata": {
                "description": "The location in which the data collection rules and data collection endpoints should be deployed."
            }
        },
        "WorkspaceName": {
            "type": "string",
            "minLength": 1,
            "metadata": {
                "description": "Enter Microsoft Sentinel Workspace Name of Log Analytics workspace"
            }
        },
        "AzureClientID": {
            "type": "string",
            "minLength": 1,
            "metadata": {
                "description": "Enter Azure Client ID that you have created during app registration"
            }
        },
        "AzureClientSecret": {
            "type": "securestring",
            "minLength": 1,
            "metadata": {
                "description": "Enter Azure Client Secret that you have created during creating the client secret"
            }
        },
        "AzureTenantID": {
            "type": "string",
            "minLength": 1,
            "metadata": {
                "description": "Enter Azure Tenant ID of your Azure Active Directory"
            }
        },
        "AzureSubscriptionID": {
            "type": "string",
            "minLength": 1,
            "metadata": {
                "description": "Enter Azure Subscription Id which is present in the subscription tab in Microsoft Sentinel"
            }
        },
        "AzureEntraObjectID": {
            "type": "string",
            "minLength": 1,
            "metadata": {
                "description": "Enter Object id of your Microsoft Entra App"
            }
        },
        "WorkspaceID": {
            "type": "string",
            "minLength": 1,
            "metadata": {
                "description": "Enter Workspace ID of Log Analytics workspace"
            }
        },
        "WorkspaceKey": {
            "type": "securestring",
            "minLength": 1,
            "metadata": {
                "description": "Enter Workspace Key of Log Analytics workspace"
            }
        },
        "MimecastBaseURL": {
            "defaultValue": "https://api.services.mimecast.com",
            "type": "string",
            "metadata": {
                "description": "Enter Base URL of Mimecast API 2.0 (e.g. https://api.services.mimecast.com)"
            }
        },
        "MimecastClientID": {
            "type": "string",
            "minLength": 1,
            "metadata": {
                "description": "Enter Mimecast Client ID for authentication"
            }
        },
        "MimecastClientSecret": {
            "type": "securestring",
            "minLength": 1,
            "metadata": {
                "description": "Enter Mimecast Client Secret for authentication"
            }
        },
        "StartDate": {
            "defaultValue": "",
            "type": "string",
            "metadata": {
                "description": "Enter the start date in the 'yyyy-mm-dd' format. If you do not provide a date, data from the last 60 days will be fetched automatically. Ensure that the date is in the past and properly formatted"
            }
        },
        "Schedule": {
            "type": "string",
            "metadata": {
                "description": "Please enter a valid Quartz cron-expression. (Example: 0 0 */1 * * *)\n\nDo not keep the value empty, minimum value is 10 minutes"
            },
            "defaultValue": "0 0 */1 * * *"
        },
        "LogLevel": {
            "type": "string",
            "metadata": {
                "description": "Please add log level or log severity value. By default it is set to INFO"
            },
            "allowedValues": [
                "Debug",
                "Info",
                "Error",
                "Warning"
            ],
            "defaultValue": "Info"
        },
        "AppInsightsWorkspaceResourceID": {
            "type": "string",
            "metadata": {
                "description": "Migrate Classic Application Insights to Log Analytic Workspace which is retiring by 29 Febraury 2024. Use 'Log Analytic Workspace-->Properties' blade having 'Resource ID' property value. This is a fully qualified resourceId which is in format '/subscriptions/{subscriptionId}/resourceGroups/{resourceGroupName}/providers/Microsoft.OperationalInsights/workspaces/{workspaceName}'"
            }
        }
    },
    "variables": {
        "FunctionName": "[concat(toLower(trim(parameters('FunctionName'))), uniqueString(resourceGroup().id))]",
        "StorageSuffix": "[environment().suffixes.storage]",
        "suffix": "[concat('A', uniqueString(resourceGroup().id))]",
        "endpointName": "[concat(toLower(parameters('FunctionName')),'LogsEndpoint', variables('suffix'))]",
        "mainRuleName": "[concat(toLower(parameters('FunctionName')),'MainCollectionRule', variables('suffix'))]",
        "logWsResId": "[resourceId('Microsoft.OperationalInsights/workspaces', parameters('WorkspaceName'))]",
        "dcrRoleName": "[concat(toLower(parameters('FunctionName')),'EntraRole', variables('suffix'))]",
        "dcrRoleId": "[guid(subscription().id, string(variables('dcrRoleName')))]",
        "scope": "[concat(replace(environment().portal, 'portal', 'monitor'), '/.default')]",
        "LogAnaltyicsUri": "[replace(environment().portal, 'https://portal', concat('https://', toLower(trim(parameters('WorkspaceID'))), '.ods.opinsights'))]"
    },
    "resources": [
        {
            "type": "Microsoft.Insights/dataCollectionEndpoints",
            "apiVersion": "2022-06-01",
            "name": "[variables('endpointName')]",
            "location": "[parameters('Location')]",
            "kind": "Linux",
            "properties": {
                "description": "Data collection endpoint for ingestion api",
                "networkAcls": {
                    "publicNetworkAccess": "Enabled"
                }
            }
        },
        {
            "type": "Microsoft.OperationalInsights/workspaces/tables",
            "apiVersion": "2022-10-01",
            "name": "[concat(parameters('WorkspaceName'), '/', 'Ttp_Url', '_CL')]",
            "properties": {
                "plan": "Analytics",
                "schema": {
                    "name": "[concat('Ttp_Url', '_CL')]",
                    "columns": [
                        {
                            "Name": "TimeGenerated",
                            "Type": "datetime"
                        },
                        {
                            "Name": "Date",
                            "Type": "string"
                        },
                        {
                            "Name": "tagMap_DangerousFileExt_Status",
                            "Type": "string"
                        },
                        {
                            "Name": "tagMap_UrlReputationScan_Status",
                            "Type": "string"
                        },
                        {
                            "Name": "tagMap_ContentCheck_DangerousMimetypesUrlFileDownload",
                            "Type": "string"
                        },
                        {
                            "Name": "tagMap_ContentCheck_DangerousExtsUrlFileDownload",
                            "Type": "string"
                        },
                        {
                            "Name": "tagMap_AdvancedPhishing_CredentialTheftEvidence",
                            "Type": "string"
                        },
                        {
                            "Name": "tagMap_AdvancedPhishing_CredentialTheftTags",
                            "Type": "string"
                        },
                        {
                            "Name": "mimecastEventId",
                            "Type": "string"
                        },
                        {
                            "Name": "mimecastEventCategory",
                            "Type": "string"
                        },
                        {
                            "Name": "advancedPhishingResult_CredentialTheftBrands",
                            "Type": "string"
                        },
                        {
                            "Name": "advancedPhishingResult_CredentialTheftEvidence",
                            "Type": "string"
                        },
                        {
                            "Name": "advancedPhishingResult_CredentialTheftTags",
                            "Type": "string"
                        },
                        {
                            "Name": "tagMap_CustomerManagedUrls_ManagedUrlEntry",
                            "Type": "string"
                        },
                        {
                            "Name": "tagMap_CustomerManagedUrls_Blocklisted",
                            "Type": "string"
                        },
                        {
                            "Name": "tagMap_UrlReputationScan_Type",
                            "Type": "string"
                        },
                        {
                            "Name": "tagMap_UrlReputationScan_UrlBlock",
                            "Type": "string"
                        },
                        {
                            "Name": "tagMap_UrlReputationScan_Url",
                            "Type": "string"
                        },
                        {
                            "Name": "userEmailAddress",
                            "Type": "string"
                        },
                        {
                            "Name": "fromUserEmailAddress",
                            "Type": "string"
                        },
                        {
                            "Name": "url",
                            "Type": "string"
                        },
                        {
                            "Name": "ttpDefinition",
                            "Type": "string"
                        },
                        {
                            "Name": "subject",
                            "Type": "string"
                        },
                        {
                            "Name": "action",
                            "Type": "string"
                        },
                        {
                            "Name": "adminOverride",
                            "Type": "string"
                        },
                        {
                            "Name": "userOverride",
                            "Type": "string"
                        },
                        {
                            "Name": "scanResult",
                            "Type": "string"
                        },
                        {
                            "Name": "sendingIp",
                            "Type": "string"
                        },
                        {
                            "Name": "userAwarenessAction",
                            "Type": "string"
                        },
                        {
                            "Name": "actions",
                            "Type": "dynamic"
                        },
                        {
                            "Name": "route",
                            "Type": "string"
                        },
                        {
                            "Name": "creationMethod",
                            "Type": "string"
                        },
                        {
                            "Name": "emailPartsDescription",
                            "Type": "dynamic"
                        },
                        {
                            "Name": "messageId",
                            "Type": "string"
                        },
                        {
                            "Name": "tagMap_DangerousFileExt_Inspect_FileExts",
                            "Type": "string"
                        },
                        {
                            "Name": "tagMap_DangerousFileExt_Inspect_MimeTypes",
                            "Type": "string"
                        },
                        {
                            "Name": "tagMap_DangerousFileExt_ContentCheck_ContentScannersBlocked",
                            "Type": "string"
                        },
                        {
                            "Name": "Category",
                            "Type": "string"
                        },
                        {
                            "Name": "tagMap_AvScanning_ContentCheck_AvSignatureName",
                            "Type": "string"
                        },
                        {
                            "Name": "tagMap_AvScanning_ScannerInfo_CategoryTrigger",
                            "Type": "string"
                        },
                        {
                            "Name": "tagMap_AvScanning_ContentCheck_AvSignatureFileExts",
                            "Type": "string"
                        },
                        {
                            "Name": "tagMap_AvScanning_ContentCheck_UrlFileDownloadFilename",
                            "Type": "string"
                        },
                        {
                            "Name": "tagMap_CustomerManagedUrls_Status",
                            "Type": "string"
                        }
                    ]
                }
            }
        },
        {
            "type": "Microsoft.OperationalInsights/workspaces/tables",
            "apiVersion": "2022-10-01",
            "name": "[concat(parameters('WorkspaceName'), '/', 'Ttp_Impersonation', '_CL')]",
            "properties": {
                "plan": "Analytics",
                "schema": {
                    "name": "[concat('Ttp_Impersonation', '_CL')]",
                    "columns": [
                        {
                            "Name": "TimeGenerated",
                            "Type": "datetime"
                        },
                        {
                            "Name": "id",
                            "Type": "string"
                        },
                        {
                            "Name": "senderAddress",
                            "Type": "string"
                        },
                        {
                            "Name": "recipientAddress",
                            "Type": "string"
                        },
                        {
                            "Name": "subject",
                            "Type": "string"
                        },
                        {
                            "Name": "definition",
                            "Type": "string"
                        },
                        {
                            "Name": "hits",
                            "Type": "real"
                        },
                        {
                            "Name": "identifiers",
                            "Type": "dynamic"
                        },
                        {
                            "Name": "action",
                            "Type": "string"
                        },
                        {
                            "Name": "taggedExternal",
                            "Type": "boolean"
                        },
                        {
                            "Name": "taggedMalicious",
                            "Type": "boolean"
                        },
                        {
                            "Name": "senderIpAddress",
                            "Type": "string"
                        },
                        {
                            "Name": "eventTime",
                            "Type": "datetime"
                        },
                        {
                            "Name": "impersonationResults",
                            "Type": "string"
                        },
                        {
                            "Name": "messageId",
                            "Type": "string"
                        }
                    ]
                }
            }
        },
        {
            "type": "Microsoft.OperationalInsights/workspaces/tables",
            "apiVersion": "2022-10-01",
            "name": "[concat(parameters('WorkspaceName'), '/', 'Ttp_Attachment', '_CL')]",
            "properties": {
                "plan": "Analytics",
                "schema": {
                    "name": "[concat('Ttp_Attachment', '_CL')]",
                    "columns": [
                        {
                            "Name": "TimeGenerated",
                            "Type": "datetime"
                        },
                        {
                            "Name": "Date",
                            "Type": "string"
                        },
                        {
                            "Name": "senderAddress",
                            "Type": "string"
                        },
                        {
                            "Name": "recipientAddress",
                            "Type": "string"
                        },
                        {
                            "Name": "fileName",
                            "Type": "string"
                        },
                        {
                            "Name": "fileType",
                            "Type": "string"
                        },
                        {
                            "Name": "result",
                            "Type": "string"
                        },
                        {
                            "Name": "actionTriggered",
                            "Type": "string"
                        },
                        {
                            "Name": "details",
                            "Type": "string"
                        },
                        {
                            "Name": "route",
                            "Type": "string"
                        },
                        {
                            "Name": "messageId",
                            "Type": "string"
                        },
                        {
                            "Name": "subject",
                            "Type": "string"
                        },
                        {
                            "Name": "fileHash",
                            "Type": "string"
                        },
                        {
                            "Name": "definition",
                            "Type": "string"
                        }
                    ]
                }
            }
        },
        {
            "type": "Microsoft.Insights/dataCollectionRules",
            "apiVersion": "2022-06-01",
            "name": "[variables('mainRuleName')]",
            "location": "[parameters('Location')]",
            "dependsOn": [
                "[concat(variables('logWsResId'), '/tables/', 'Ttp_Url', '_CL')]",
                "[concat(variables('logWsResId'), '/tables/', 'Ttp_Impersonation', '_CL')]",
                "[concat(variables('logWsResId'), '/tables/', 'Ttp_Attachment', '_CL')]"
            ],
            "properties": {
                "dataCollectionEndpointId": "[resourceId('Microsoft.Insights/dataCollectionEndpoints', variables('endpointName'))]",
                "streamDeclarations": {
                    "[concat('Custom-', 'Ttp_Url')]": {
                        "columns": [
                            {
                                "Name": "TimeGenerated",
                                "Type": "datetime"
                            },
                            {
                                "Name": "date",
                                "Type": "string"
                            },
                            {
                                "Name": "tagMap_DangerousFileExt_Status",
                                "Type": "string"
                            },
                            {
                                "Name": "tagMap_UrlReputationScan_Status",
                                "Type": "string"
                            },
                            {
                                "Name": "tagMap_ContentCheck_DangerousMimetypesUrlFileDownload",
                                "Type": "string"
                            },
                            {
                                "Name": "tagMap_ContentCheck_DangerousExtsUrlFileDownload",
                                "Type": "string"
                            },
                            {
                                "Name": "tagMap_AdvancedPhishing_CredentialTheftEvidence",
                                "Type": "string"
                            },
                            {
                                "Name": "tagMap_AdvancedPhishing_CredentialTheftTags",
                                "Type": "string"
                            },
                            {
                                "Name": "mimecastEventId",
                                "Type": "string"
                            },
                            {
                                "Name": "mimecastEventCategory",
                                "Type": "string"
                            },
                            {
                                "Name": "advancedPhishingResult",
                                "Type": "dynamic"
                            },
                            {
                                "Name": "tagMap",
                                "Type": "dynamic"
                            },
                            {
                                "Name": "advancedPhishingResult_CredentialTheftBrands",
                                "Type": "string"
                            },
                            {
                                "Name": "advancedPhishingResult_CredentialTheftEvidence",
                                "Type": "string"
                            },
                            {
                                "Name": "advancedPhishingResult_CredentialTheftTags",
                                "Type": "string"
                            },
                            {
                                "Name": "tagMap_CustomerManagedUrls_ManagedUrlEntry",
                                "Type": "string"
                            },
                            {
                                "Name": "tagMap_CustomerManagedUrls_Blocklisted",
                                "Type": "string"
                            },
                            {
                                "Name": "tagMap_UrlReputationScan_Type",
                                "Type": "string"
                            },
                            {
                                "Name": "tagMap_UrlReputationScan_UrlBlock",
                                "Type": "string"
                            },
                            {
                                "Name": "tagMap_UrlReputationScan_Url",
                                "Type": "string"
                            },
                            {
                                "Name": "userEmailAddress",
                                "Type": "string"
                            },
                            {
                                "Name": "fromUserEmailAddress",
                                "Type": "string"
                            },
                            {
                                "Name": "url",
                                "Type": "string"
                            },
                            {
                                "Name": "ttpDefinition",
                                "Type": "string"
                            },
                            {
                                "Name": "subject",
                                "Type": "string"
                            },
                            {
                                "Name": "action",
                                "Type": "string"
                            },
                            {
                                "Name": "adminOverride",
                                "Type": "string"
                            },
                            {
                                "Name": "userOverride",
                                "Type": "string"
                            },
                            {
                                "Name": "scanResult",
                                "Type": "string"
                            },
                            {
                                "Name": "sendingIp",
                                "Type": "string"
                            },
                            {
                                "Name": "userAwarenessAction",
                                "Type": "string"
                            },
                            {
                                "Name": "actions",
                                "Type": "dynamic"
                            },
                            {
                                "Name": "route",
                                "Type": "string"
                            },
                            {
                                "Name": "creationMethod",
                                "Type": "string"
                            },
                            {
                                "Name": "emailPartsDescription",
                                "Type": "dynamic"
                            },
                            {
                                "Name": "messageId",
                                "Type": "string"
                            },
                            {
                                "Name": "tagMap_DangerousFileExt_Inspect_FileExts",
                                "Type": "string"
                            },
                            {
                                "Name": "tagMap_DangerousFileExt_Inspect_MimeTypes",
                                "Type": "string"
                            },
                            {
                                "Name": "tagMap_DangerousFileExt_ContentCheck_ContentScannersBlocked",
                                "Type": "string"
                            },
                            {
                                "Name": "Category",
                                "Type": "string"
                            },
                            {
                                "Name": "tagMap_AvScanning_ContentCheck_AvSignatureName",
                                "Type": "string"
                            },
                            {
                                "Name": "tagMap_AvScanning_ScannerInfo_CategoryTrigger",
                                "Type": "string"
                            },
                            {
                                "Name": "tagMap_AvScanning_ContentCheck_AvSignatureFileExts",
                                "Type": "string"
                            },
                            {
                                "Name": "tagMap_AvScanning_ContentCheck_UrlFileDownloadFilename",
                                "Type": "string"
                            },
                            {
                                "Name": "tagMap_CustomerManagedUrls_Status",
                                "Type": "string"
                            }
                        ]
                    },
                    "[concat('Custom-', 'Ttp_Impersonation')]": {
                        "columns": [
                            {
                                "Name": "TimeGenerated",
                                "Type": "datetime"
                            },
                            {
                                "Name": "id",
                                "Type": "string"
                            },
                            {
                                "Name": "senderAddress",
                                "Type": "string"
                            },
                            {
                                "Name": "recipientAddress",
                                "Type": "string"
                            },
                            {
                                "Name": "subject",
                                "Type": "string"
                            },
                            {
                                "Name": "definition",
                                "Type": "string"
                            },
                            {
                                "Name": "hits",
                                "Type": "real"
                            },
                            {
                                "Name": "identifiers",
                                "Type": "dynamic"
                            },
                            {
                                "Name": "action",
                                "Type": "string"
                            },
                            {
                                "Name": "taggedExternal",
                                "Type": "boolean"
                            },
                            {
                                "Name": "taggedMalicious",
                                "Type": "boolean"
                            },
                            {
                                "Name": "senderIpAddress",
                                "Type": "string"
                            },
                            {
                                "Name": "eventTime",
                                "Type": "datetime"
                            },
                            {
                                "Name": "impersonationResults",
                                "Type": "string"
                            },
                            {
                                "Name": "messageId",
                                "Type": "string"
                            }
                        ]
                    },
                    "[concat('Custom-', 'Ttp_Attachment')]": {
                        "columns": [
                            {
                                "Name": "TimeGenerated",
                                "Type": "datetime"
                            },
                            {
                                "Name": "date",
                                "Type": "string"
                            },
                            {
                                "Name": "senderAddress",
                                "Type": "string"
                            },
                            {
                                "Name": "recipientAddress",
                                "Type": "string"
                            },
                            {
                                "Name": "fileName",
                                "Type": "string"
                            },
                            {
                                "Name": "fileType",
                                "Type": "string"
                            },
                            {
                                "Name": "result",
                                "Type": "string"
                            },
                            {
                                "Name": "actionTriggered",
                                "Type": "string"
                            },
                            {
                                "Name": "details",
                                "Type": "string"
                            },
                            {
                                "Name": "route",
                                "Type": "string"
                            },
                            {
                                "Name": "messageId",
                                "Type": "string"
                            },
                            {
                                "Name": "subject",
                                "Type": "string"
                            },
                            {
                                "Name": "fileHash",
                                "Type": "string"
                            },
                            {
                                "Name": "definition",
                                "Type": "string"
                            }
                        ]
                    }
                },
                "destinations": {
                    "logAnalytics": [
                        {
                            "workspaceResourceId": "[parameters('AppInsightsWorkspaceResourceID')]",
                            "name": "[concat('RuleDest', variables('suffix'))]"
                        }
                    ]
                },
                "dataFlows": [
                    {
                        "streams": [
                            "[concat('Custom-', 'Ttp_Url')]"
                        ],
                        "destinations": [
                            "[concat('RuleDest', variables('suffix'))]"
                        ],
                        "transformKql": "source\n| extend TimeGenerated = todatetime(now()), json_advancedPhishingResult = parse_json(advancedPhishingResult), json_tagMap = parse_json(tagMap), Date = ['date']\n| extend json_tagMap_DangerousFileExt = parse_json(json_tagMap.DangerousFileExt), json_tagMap_UrlReputationScan = parse_json(json_tagMap.UrlReputationScan), json_tagMap_AdvancedPhishing = parse_json(json_tagMap.AdvancedPhishing), json_tagMap_CustomerManagedUrls = parse_json(json_tagMap.CustomerManagedUrls), json_tagMap_AvScanning = parse_json(json_tagMap.AvScanning)\n| extend json_tagMap_DangerousFileExt_ContentCheck = parse_json(json_tagMap_DangerousFileExt.ContentCheck), json_tagMap_DangerousFileExt_Inspect = parse_json(json_tagMap_DangerousFileExt.Inspect), json_tagMap_AvScanning_ContentCheck = parse_json(json_tagMap_AvScanning.ContentCheck), json_tagMap_AvScanning_ScannerInfo = parse_json(json_tagMap_AvScanning.ScannerInfo)\n| extend tagMap_DangerousFileExt_Status = tostring(json_tagMap_DangerousFileExt.Status), tagMap_UrlReputationScan_Status = tostring(json_tagMap_UrlReputationScan.Status), tagMap_ContentCheck_DangerousMimetypesUrlFileDownload = tostring(json_tagMap_DangerousFileExt_ContentCheck.DangerousMimetypesUrlFileDownload), tagMap_ContentCheck_DangerousExtsUrlFileDownload = tostring(json_tagMap_DangerousFileExt_ContentCheck.DangerousExtsUrlFileDownload), tagMap_AdvancedPhishing_CredentialTheftEvidence = tostring(json_tagMap_AdvancedPhishing.CredentialTheftEvidence), tagMap_AdvancedPhishing_CredentialTheftTags = tostring(json_tagMap_AdvancedPhishing.CredentialTheftTags), tagMap_CustomerManagedUrls_ManagedUrlEntry = tostring(json_tagMap_CustomerManagedUrls.ManagedUrlEntry), tagMap_CustomerManagedUrls_Blocklisted = tostring(json_tagMap_CustomerManagedUrls.Blocklisted), tagMap_UrlReputationScan_Type = tostring(json_tagMap_UrlReputationScan.Type), tagMap_UrlReputationScan_UrlBlock = tostring(json_tagMap_UrlReputationScan.UrlBlock), tagMap_UrlReputationScan_Url = tostring(json_tagMap_UrlReputationScan.Url), tagMap_DangerousFileExt_Inspect_FileExts = tostring(json_tagMap_DangerousFileExt_Inspect.FileExts), tagMap_DangerousFileExt_Inspect_MimeTypes = tostring(json_tagMap_DangerousFileExt_Inspect.MimeTypes), tagMap_DangerousFileExt_ContentCheck_ContentScannersBlocked = tostring(json_tagMap_DangerousFileExt_ContentCheck.ContentScannersBlocked), tagMap_AvScanning_ContentCheck_AvSignatureName = tostring(json_tagMap_AvScanning_ContentCheck.AvSignatureName), tagMap_AvScanning_ContentCheck_AvSignatureFileExts = tostring(json_tagMap_AvScanning_ContentCheck.AvSignatureFileExts), tagMap_AvScanning_ContentCheck_UrlFileDownloadFilename = tostring(json_tagMap_AvScanning_ContentCheck.UrlFileDownloadFilename), tagMap_AvScanning_ScannerInfo_CategoryTrigger = tostring(json_tagMap_AvScanning_ScannerInfo.CategoryTrigger), tagMap_CustomerManagedUrls_Status = tostring(json_tagMap_CustomerManagedUrls.Status), advancedPhishingResult_CredentialTheftBrands = tostring(json_advancedPhishingResult.CredentialTheftBrands), advancedPhishingResult_CredentialTheftEvidence = tostring(json_advancedPhishingResult.CredentialTheftEvidence), advancedPhishingResult_CredentialTheftTags = tostring(json_advancedPhishingResult.CredentialTheftTags)\n| project-away json_advancedPhishingResult, json_tagMap, json_tagMap_DangerousFileExt, json_tagMap_UrlReputationScan, json_tagMap_AvScanning_ScannerInfo, json_tagMap_AvScanning_ContentCheck, json_tagMap_DangerousFileExt_Inspect, json_tagMap_DangerousFileExt_ContentCheck, json_tagMap_AvScanning, json_tagMap_CustomerManagedUrls, json_tagMap_AdvancedPhishing",
                        "outputStream": "[concat('Custom-', 'Ttp_Url', '_CL')]"
                    },
                    {
                        "streams": [
                            "[concat('Custom-', 'Ttp_Impersonation')]"
                        ],
                        "destinations": [
                            "[concat('RuleDest', variables('suffix'))]"
                        ],
                        "transformKql": "source\n| extend TimeGenerated = todatetime(now())",
                        "outputStream": "[concat('Custom-', 'Ttp_Impersonation', '_CL')]"
                    },
                    {
                        "streams": [
                            "[concat('Custom-', 'Ttp_Attachment')]"
                        ],
                        "destinations": [
                            "[concat('RuleDest', variables('suffix'))]"
                        ],
                        "transformKql": "source\n| extend TimeGenerated = todatetime(now()), Date = ['date']",
                        "outputStream": "[concat('Custom-', 'Ttp_Attachment', '_CL')]"
                    }
                ]
            }
        },
        {
            "type": "Microsoft.Insights/components",
            "apiVersion": "2020-02-02",
            "name": "[variables('FunctionName')]",
            "location": "[resourceGroup().location]",
            "kind": "web",
            "properties": {
                "Application_Type": "web",
                "ApplicationId": "[variables('FunctionName')]",
                "WorkspaceResourceId": "[trim(parameters('AppInsightsWorkspaceResourceID'))]"
            }
        },
        {
            "type": "Microsoft.Storage/storageAccounts",
            "apiVersion": "2019-06-01",
            "name": "[tolower(variables('FunctionName'))]",
            "location": "[resourceGroup().location]",
            "sku": {
                "name": "Standard_LRS",
                "tier": "Standard"
            },
            "kind": "StorageV2",
            "properties": {
                "networkAcls": {
                    "bypass": "AzureServices",
                    "virtualNetworkRules": [],
                    "ipRules": [],
                    "defaultAction": "Allow"
                },
                "supportsHttpsTrafficOnly": true,
                "encryption": {
                    "services": {
                        "file": {
                            "keyType": "Account",
                            "enabled": true
                        },
                        "blob": {
                            "keyType": "Account",
                            "enabled": true
                        }
                    },
                    "keySource": "Microsoft.Storage"
                }
            }
        },
        {
            "type": "Microsoft.Storage/storageAccounts/blobServices",
            "apiVersion": "2019-06-01",
            "name": "[concat(variables('FunctionName'), '/default')]",
            "dependsOn": [
                "[resourceId('Microsoft.Storage/storageAccounts', tolower(variables('FunctionName')))]"
            ],
            "sku": {
                "name": "Standard_LRS",
                "tier": "Standard"
            },
            "properties": {
                "cors": {
                    "corsRules": []
                },
                "deleteRetentionPolicy": {
                    "enabled": false
                }
            }
        },
        {
            "type": "Microsoft.Storage/storageAccounts/fileServices",
            "apiVersion": "2019-06-01",
            "name": "[concat(variables('FunctionName'), '/default')]",
            "dependsOn": [
                "[resourceId('Microsoft.Storage/storageAccounts', tolower(variables('FunctionName')))]"
            ],
            "sku": {
                "name": "Standard_LRS",
                "tier": "Standard"
            },
            "properties": {
                "cors": {
                    "corsRules": []
                }
            }
        },
        {
            "type": "Microsoft.Web/sites",
            "apiVersion": "2018-11-01",
            "name": "[variables('FunctionName')]",
            "location": "[resourceGroup().location]",
            "dependsOn": [
                "[resourceId('Microsoft.Storage/storageAccounts', tolower(variables('FunctionName')))]",
                "[resourceId('Microsoft.Insights/components', variables('FunctionName'))]"
            ],
            "kind": "functionapp,linux",
            "identity": {
                "type": "SystemAssigned"
            },
            "properties": {
                "name": "[variables('FunctionName')]",
                "httpsOnly": true,
                "clientAffinityEnabled": true,
                "alwaysOn": true,
                "reserved": true,
                "siteConfig": {
                    "linuxFxVersion": "python|3.11"
                }
            },
            "resources": [
                {
                    "apiVersion": "2018-11-01",
                    "type": "config",
                    "name": "appsettings",
                    "dependsOn": [
                        "[concat('Microsoft.Web/sites/', variables('FunctionName'))]"
                    ],
                    "properties": {
                        "FUNCTIONS_EXTENSION_VERSION": "~4",
                        "FUNCTIONS_WORKER_RUNTIME": "python",
                        "APPINSIGHTS_INSTRUMENTATIONKEY": "[reference(resourceId('Microsoft.insights/components', variables('FunctionName')), '2015-05-01').InstrumentationKey]",
                        "APPLICATIONINSIGHTS_CONNECTION_STRING": "[reference(resourceId('microsoft.insights/components', variables('FunctionName')), '2015-05-01').ConnectionString]",
                        "AzureWebJobsStorage": "[concat('DefaultEndpointsProtocol=https;AccountName=', toLower(variables('FunctionName')),';AccountKey=',listKeys(resourceId('Microsoft.Storage/storageAccounts', toLower(variables('FunctionName'))), '2019-06-01').keys[0].value, ';EndpointSuffix=',toLower(variables('StorageSuffix')))]",
                        "logAnalyticsUri": "[variables('LogAnaltyicsUri')]",
                        "Function_App_Name": "[variables('FunctionName')]",
                        "WorkspaceID": "[trim(parameters('WorkspaceID'))]",
                        "WorkspaceKey": "[trim(parameters('WorkspaceKey'))]",
                        "AZURE_CLIENT_ID": "[parameters('AzureClientID')]",
                        "AZURE_CLIENT_SECRET": "[parameters('AzureClientSecret')]",
                        "AZURE_TENANT_ID": "[parameters('AzureTenantID')]",
                        "Azure_Workspace_Name": "[parameters('WorkspaceName')]",
                        "Azure_Subscription_Id": "[parameters('AzureSubscriptionID')]",
                        "BaseURL": "[trim(parameters('MimecastBaseURL'))]",
                        "StartDate": "[trim(parameters('StartDate'))]",
                        "MimecastClientID": "[trim(parameters('MimecastClientID'))]",
                        "MimecastClientSecret": "[trim(parameters('MimecastClientSecret'))]",
                        "File_Share_Name": "mimecast-checkpoints",
                        "Schedule": "[trim(parameters('Schedule'))]",
                        "LogLevel": "[trim(parameters('LogLevel'))]",
                        "SCOPE": "[variables('scope')]",
                        "WEBSITE_RUN_FROM_PACKAGE": "https://aka.ms/sentinel-MimecastTTP-functionapp",
                        "Connection_String": "[concat('DefaultEndpointsProtocol=https;AccountName=', toLower(variables('FunctionName')),';AccountKey=',listKeys(resourceId('Microsoft.Storage/storageAccounts', toLower(variables('FunctionName'))), '2019-06-01').keys[0].value, ';EndpointSuffix=',toLower(variables('StorageSuffix')))]",
                        "AZURE_DATA_COLLECTION_ENDPOINT": "[reference(resourceId('Microsoft.Insights/dataCollectionEndpoints', variables('endpointName'))).logsIngestion.endpoint]",
                        "AZURE_DATA_COLLECTION_RULE_ID_MAIN_TABLES": "[reference(resourceId('Microsoft.Insights/dataCollectionRules', variables('mainRuleName'))).immutableId]"
                    }
                }
            ]
        },
        {
            "type": "Microsoft.Storage/storageAccounts/blobServices/containers",
            "apiVersion": "2019-06-01",
            "name": "[concat(variables('FunctionName'), '/default/azure-webjobs-hosts')]",
            "dependsOn": [
                "[resourceId('Microsoft.Storage/storageAccounts/blobServices', variables('FunctionName'), 'default')]",
                "[resourceId('Microsoft.Storage/storageAccounts', variables('FunctionName'))]"
            ],
            "properties": {
                "publicAccess": "None"
            }
        },
        {
            "type": "Microsoft.Storage/storageAccounts/blobServices/containers",
            "apiVersion": "2019-06-01",
            "name": "[concat(variables('FunctionName'), '/default/azure-webjobs-secrets')]",
            "dependsOn": [
                "[resourceId('Microsoft.Storage/storageAccounts/blobServices', variables('FunctionName'), 'default')]",
                "[resourceId('Microsoft.Storage/storageAccounts', variables('FunctionName'))]"
            ],
            "properties": {
                "publicAccess": "None"
            }
        },
        {
            "type": "Microsoft.Storage/storageAccounts/fileServices/shares",
            "apiVersion": "2019-06-01",
            "name": "[concat(variables('FunctionName'), '/default/', tolower(variables('FunctionName')))]",
            "dependsOn": [
                "[resourceId('Microsoft.Storage/storageAccounts/fileServices', variables('FunctionName'), 'default')]",
                "[resourceId('Microsoft.Storage/storageAccounts', variables('FunctionName'))]"
            ],
            "properties": {
                "shareQuota": 5120
            }
        },
        {
            "type": "Microsoft.Authorization/roleDefinitions",
            "apiVersion": "2022-04-01",
            "name": "[variables('dcrRoleId')]",
            "properties": {
                "assignableScopes": [
                    "[resourceGroup().id]",
                    "[resourceId('Microsoft.Insights/dataCollectionRules', variables('mainRuleName'))]"
                ],
                "description": "Entra ID application access role",
                "permissions": [
                    {
                        "actions": [
                            "Microsoft.Insights/Register/Action",
                            "Microsoft.Support/*",
                            "Microsoft.Resources/subscriptions/resourceGroups/read"
                        ],
                        "dataActions": [
                            "Microsoft.Insights/Metrics/Write",
                            "Microsoft.Insights/Telemetry/Write"
                        ]
                    }
                ],
                "roleName": "[variables('dcrRoleName')]",
                "type": "customRole"
            }
        },
        {
            "type": "Microsoft.Authorization/roleAssignments",
            "apiVersion": "2022-04-01",
            "name": "[guid(resourceGroup().id, concat('Main DCR Role assignment', variables('FunctionName')))]",
            "dependsOn": [
                "[variables('dcrRoleId')]",
                "[variables('mainRuleName')]"
            ],
            "scope": "[resourceId('Microsoft.Insights/dataCollectionRules', variables('mainRuleName'))]",
            "properties": {
                "roleDefinitionId": "[resourceId('Microsoft.Authorization/roleDefinitions', variables('dcrRoleId'))]",
                "principalId": "[parameters('AzureEntraObjectID')]"
            }
        }
    ]
}