{
    "$schema": "https://schema.management.azure.com/schemas/2019-04-01/deploymentTemplate.json#",
    "contentVersion": "1.0.0.0",
    "parameters": {
        "FunctionName": {
            "defaultValue": "MimecastAT",
            "minLength": 1,
            "maxLength": 11,
            "type": "string"
        },
        "Location": {
            "defaultValue": "[resourceGroup().location]",
            "type": "string",
            "metadata": {
                "description": "The location in which the data collection rules and data collection endpoints should be deployed."
            }
        },
        "WorkspaceName": {
            "type": "string",
            "minLength": 1,
            "metadata": {
                "description": "Enter Microsoft Sentinel Workspace Name of Log Analytics workspace"
            }
        },
        "AzureClientID": {
            "type": "string",
            "minLength": 1,
            "metadata": {
                "description": "Enter Azure Client ID that you have created during app registration"
            }
        },
        "AzureClientSecret": {
            "type": "securestring",
            "minLength": 1,
            "metadata": {
                "description": "Enter Azure Client Secret that you have created during creating the client secret"
            }
        },
        "AzureTenantID": {
            "type": "string",
            "minLength": 1,
            "metadata": {
                "description": "Enter Azure Tenant ID of your Azure Active Directory"
            }
        },
        "AzureSubscriptionID": {
            "type": "string",
            "minLength": 1,
            "metadata": {
                "description": "Enter Azure Subscription Id which is present in the subscription tab in Microsoft Sentinel"
            }
        },
        "AzureEntraObjectID": {
            "type": "string",
            "minLength": 1,
            "metadata": {
                "description": "Enter Object id of your Microsoft Entra App"
            }
        },
        "MimecastBaseURL": {
            "defaultValue": "https://api.services.mimecast.com",
            "type": "string",
            "metadata": {
                "description": "Enter Base URL of Mimecast API 2.0 (e.g. https://api.services.mimecast.com)"
            }
        },
        "MimecastClientID": {
            "type": "string",
            "minLength": 1,
            "metadata": {
                "description": "Enter Mimecast Client ID for authentication"
            }
        },
        "MimecastClientSecret": {
            "type": "securestring",
            "minLength": 1,
            "metadata": {
                "description": "Enter Mimecast Client Secret for authentication"
            }
        },
        "Schedule": {
            "type": "string",
            "minLength": 11,
            "metadata": {
                "description": "Please enter a valid Quartz cron-expression. (Example: 0 0 0 * * *)\n\nDo not keep the value empty, minimum value is 10 minutes"
            },
            "defaultValue": "0 0 */1 * * *"
        },
        "LogLevel": {
            "type": "string",
            "metadata": {
                "description": "Please add log level or log severity value. By default it is set to INFO"
            },
            "allowedValues": [
                "Debug",
                "Info",
                "Error",
                "Warning"
            ],
            "defaultValue": "Info"
        },
        "AppInsightsWorkspaceResourceID": {
            "type": "string",
            "metadata": {
                "description": "Migrate Classic Application Insights to Log Analytic Workspace which is retiring by 29 Febraury 2024. Use 'Log Analytic Workspace-->Properties' blade having 'Resource ID' property value. This is a fully qualified resourceId which is in format '/subscriptions/{subscriptionId}/resourceGroups/{resourceGroupName}/providers/Microsoft.OperationalInsights/workspaces/{workspaceName}'"
            }
        }
    },
    "variables": {
        "FunctionName": "[concat(toLower(trim(parameters('FunctionName'))), uniqueString(resourceGroup().id))]",
        "StorageSuffix": "[environment().suffixes.storage]",
        "suffix": "[concat('A', uniqueString(resourceGroup().id))]",
        "endpointName": "[concat(toLower(parameters('FunctionName')),'LogsEndpoint', variables('suffix'))]",
        "mainRuleName": "[concat(toLower(parameters('FunctionName')),'MainCollectionRule', variables('suffix'))]",
        "logWsResId": "[resourceId('Microsoft.OperationalInsights/workspaces', parameters('WorkspaceName'))]",
        "dcrRoleName": "[concat(toLower(parameters('FunctionName')),'EntraRole', variables('suffix'))]",
        "dcrRoleId": "[guid(subscription().id, string(variables('dcrRoleName')))]",
        "scope": "[concat(replace(environment().portal, 'portal', 'monitor'), '/.default')]"
    },
    "resources": [
        {
            "type": "Microsoft.Insights/dataCollectionEndpoints",
            "apiVersion": "2022-06-01",
            "name": "[variables('endpointName')]",
            "location": "[parameters('Location')]",
            "kind": "Linux",
            "properties": {
                "description": "Data collection endpoint for ingestion api",
                "networkAcls": {
                    "publicNetworkAccess": "Enabled"
                }
            }
        },
        {
            "type": "Microsoft.OperationalInsights/workspaces/tables",
            "apiVersion": "2022-10-01",
            "name": "[concat(parameters('WorkspaceName'), '/', 'Awareness_Performance_Details', '_CL')]",
            "properties": {
                "plan": "Analytics",
                "schema": {
                    "name": "[concat('Awareness_Performance_Details', '_CL')]",
                    "columns": [
                        {
                            "Name": "TimeGenerated",
                            "Type": "datetime"
                        },
                        {
                            "Name": "email",
                            "Type": "string"
                        },
                        {
                            "Name": "name",
                            "Type": "string"
                        },
                        {
                            "Name": "department",
                            "Type": "string"
                        },
                        {
                            "Name": "numIncorrect",
                            "Type": "real"
                        },
                        {
                            "Name": "numCorrect",
                            "Type": "real"
                        },
                        {
                            "Name": "numNotWatched",
                            "Type": "real"
                        },
                        {
                            "Name": "userDetails",
                            "Type": "dynamic"
                        },
                        {
                            "Name": "userState",
                            "Type": "string"
                        },
                        {
                            "Name": "userId",
                            "Type": "string"
                        }
                    ]
                }
            }
        },
        {
            "type": "Microsoft.OperationalInsights/workspaces/tables",
            "apiVersion": "2022-10-01",
            "name": "[concat(parameters('WorkspaceName'), '/', 'Awareness_SafeScore_Details', '_CL')]",
            "properties": {
                "plan": "Analytics",
                "schema": {
                    "name": "[concat('Awareness_SafeScore_Details', '_CL')]",
                    "columns": [
                        {
                            "Name": "TimeGenerated",
                            "Type": "datetime"
                        },
                        {
                            "Name": "emailAddress",
                            "Type": "string"
                        },
                        {
                            "Name": "name",
                            "Type": "string"
                        },
                        {
                            "Name": "department",
                            "Type": "string"
                        },
                        {
                            "Name": "risk",
                            "Type": "string"
                        },
                        {
                            "Name": "humanError",
                            "Type": "string"
                        },
                        {
                            "Name": "sentiment",
                            "Type": "string"
                        },
                        {
                            "Name": "engagement",
                            "Type": "string"
                        },
                        {
                            "Name": "knowledge",
                            "Type": "string"
                        },
                        {
                            "Name": "userState",
                            "Type": "string"
                        }
                    ]
                }
            }
        },
        {
            "type": "Microsoft.OperationalInsights/workspaces/tables",
            "apiVersion": "2022-10-01",
            "name": "[concat(parameters('WorkspaceName'), '/', 'Awareness_User_Data', '_CL')]",
            "properties": {
                "plan": "Analytics",
                "schema": {
                    "name": "[concat('Awareness_User_Data', '_CL')]",
                    "columns": [
                        {
                            "Name": "TimeGenerated",
                            "Type": "datetime"
                        },
                        {
                            "Name": "timeReported",
                            "Type": "datetime"
                        },
                        {
                            "Name": "name",
                            "Type": "string"
                        },
                        {
                            "Name": "email",
                            "Type": "string"
                        },
                        {
                            "Name": "templateName",
                            "Type": "string"
                        },
                        {
                            "Name": "department",
                            "Type": "string"
                        },
                        {
                            "Name": "status",
                            "Type": "string"
                        },
                        {
                            "Name": "numCampaignsSent",
                            "Type": "real"
                        },
                        {
                            "Name": "numCampaignsClicked",
                            "Type": "real"
                        },
                        {
                            "Name": "numTrainingModulesAssigned",
                            "Type": "real"
                        },
                        {
                            "Name": "numCampaignsScanned",
                            "Type": "real"
                        },
                        {
                            "Name": "numCampaignsClickedScanned",
                            "Type": "real"
                        },
                        {
                            "Name": "numCorrectAnswers",
                            "Type": "real"
                        },
                        {
                            "Name": "numIncorrectAnswers",
                            "Type": "real"
                        },
                        {
                            "Name": "userState",
                            "Type": "string"
                        },
                        {
                            "Name": "timeScheduled",
                            "Type": "datetime"
                        },
                        {
                            "Name": "timeScanned",
                            "Type": "datetime"
                        },
                        {
                            "Name": "timeSubmitted",
                            "Type": "datetime"
                        },
                        {
                            "Name": "clickedIp",
                            "Type": "string"
                        },
                        {
                            "Name": "reactionTime",
                            "Type": "real"
                        },
                        {
                            "Name": "timeOpened",
                            "Type": "datetime"
                        },
                        {
                            "Name": "timeClicked",
                            "Type": "datetime"
                        },
                        {
                            "Name": "items",
                            "Type": "string"
                        }
                    ]
                }
            }
        },
        {
            "type": "Microsoft.OperationalInsights/workspaces/tables",
            "apiVersion": "2022-10-01",
            "name": "[concat(parameters('WorkspaceName'), '/', 'Awareness_Watchlist_Details', '_CL')]",
            "properties": {
                "plan": "Analytics",
                "schema": {
                    "name": "[concat('Awareness_Watchlist_Details', '_CL')]",
                    "columns": [
                        {
                            "Name": "TimeGenerated",
                            "Type": "datetime"
                        },
                        {
                            "Name": "email",
                            "Type": "string"
                        },
                        {
                            "Name": "name",
                            "Type": "string"
                        },
                        {
                            "Name": "department",
                            "Type": "string"
                        },
                        {
                            "Name": "watchlistCount",
                            "Type": "real"
                        },
                        {
                            "Name": "userState",
                            "Type": "string"
                        },
                        {
                            "Name": "userId",
                            "Type": "string"
                        }
                    ]
                }
            }
        },
        {
            "type": "Microsoft.Insights/dataCollectionRules",
            "apiVersion": "2022-06-01",
            "name": "[variables('mainRuleName')]",
            "location": "[parameters('Location')]",
            "dependsOn": [
                "[concat(variables('logWsResId'), '/tables/', 'Awareness_Performance_Details', '_CL')]",
                "[concat(variables('logWsResId'), '/tables/', 'Awareness_SafeScore_Details', '_CL')]",
                "[concat(variables('logWsResId'), '/tables/', 'Awareness_User_Data', '_CL')]",
                "[concat(variables('logWsResId'), '/tables/', 'Awareness_Watchlist_Details', '_CL')]"
            ],
            "properties": {
                "dataCollectionEndpointId": "[resourceId('Microsoft.Insights/dataCollectionEndpoints', variables('endpointName'))]",
                "streamDeclarations": {
                    "[concat('Custom-', 'Awareness_Performance_Details')]": {
                        "columns": [
                            {
                                "Name": "TimeGenerated",
                                "Type": "datetime"
                            },
                            {
                                "Name": "email",
                                "Type": "string"
                            },
                            {
                                "Name": "name",
                                "Type": "string"
                            },
                            {
                                "Name": "department",
                                "Type": "string"
                            },
                            {
                                "Name": "numIncorrect",
                                "Type": "real"
                            },
                            {
                                "Name": "numCorrect",
                                "Type": "real"
                            },
                            {
                                "Name": "numNotWatched",
                                "Type": "real"
                            },
                            {
                                "Name": "userDetails",
                                "Type": "dynamic"
                            },
                            {
                                "Name": "userState",
                                "Type": "string"
                            },
                            {
                                "Name": "userId",
                                "Type": "string"
                            }
                        ]
                    },
                    "[concat('Custom-', 'Awareness_SafeScore_Details')]": {
                        "columns": [
                            {
                                "Name": "TimeGenerated",
                                "Type": "datetime"
                            },
                            {
                                "Name": "emailAddress",
                                "Type": "string"
                            },
                            {
                                "Name": "name",
                                "Type": "string"
                            },
                            {
                                "Name": "department",
                                "Type": "string"
                            },
                            {
                                "Name": "risk",
                                "Type": "string"
                            },
                            {
                                "Name": "humanError",
                                "Type": "string"
                            },
                            {
                                "Name": "sentiment",
                                "Type": "string"
                            },
                            {
                                "Name": "engagement",
                                "Type": "string"
                            },
                            {
                                "Name": "knowledge",
                                "Type": "string"
                            },
                            {
                                "Name": "userState",
                                "Type": "string"
                            }
                        ]
                    },
                    "[concat('Custom-', 'Awareness_User_Data')]": {
                        "columns": [
                            {
                                "Name": "TimeGenerated",
                                "Type": "datetime"
                            },
                            {
                                "Name": "timeReported",
                                "Type": "datetime"
                            },
                            {
                                "Name": "name",
                                "Type": "string"
                            },
                            {
                                "Name": "email",
                                "Type": "string"
                            },
                            {
                                "Name": "templateName",
                                "Type": "string"
                            },
                            {
                                "Name": "department",
                                "Type": "string"
                            },
                            {
                                "Name": "status",
                                "Type": "string"
                            },
                            {
                                "Name": "numCampaignsSent",
                                "Type": "real"
                            },
                            {
                                "Name": "numCampaignsClicked",
                                "Type": "real"
                            },
                            {
                                "Name": "numTrainingModulesAssigned",
                                "Type": "real"
                            },
                            {
                                "Name": "numCampaignsScanned",
                                "Type": "real"
                            },
                            {
                                "Name": "numCampaignsClickedScanned",
                                "Type": "real"
                            },
                            {
                                "Name": "numCorrectAnswers",
                                "Type": "real"
                            },
                            {
                                "Name": "numIncorrectAnswers",
                                "Type": "real"
                            },
                            {
                                "Name": "userState",
                                "Type": "string"
                            },
                            {
                                "Name": "timeScheduled",
                                "Type": "datetime"
                            },
                            {
                                "Name": "timeScanned",
                                "Type": "datetime"
                            },
                            {
                                "Name": "timeSubmitted",
                                "Type": "datetime"
                            },
                            {
                                "Name": "clickedIp",
                                "Type": "string"
                            },
                            {
                                "Name": "reactionTime",
                                "Type": "real"
                            },
                            {
                                "Name": "timeOpened",
                                "Type": "datetime"
                            },
                            {
                                "Name": "timeClicked",
                                "Type": "datetime"
                            },
                            {
                                "Name": "items",
                                "Type": "string"
                            }
                        ]
                    },
                    "[concat('Custom-', 'Awareness_Watchlist_Details')]": {
                        "columns": [
                            {
                                "Name": "TimeGenerated",
                                "Type": "datetime"
                            },
                            {
                                "Name": "email",
                                "Type": "string"
                            },
                            {
                                "Name": "name",
                                "Type": "string"
                            },
                            {
                                "Name": "department",
                                "Type": "string"
                            },
                            {
                                "Name": "watchlistCount",
                                "Type": "real"
                            },
                            {
                                "Name": "userState",
                                "Type": "string"
                            },
                            {
                                "Name": "userId",
                                "Type": "string"
                            }
                        ]
                    }
                },
                "destinations": {
                    "logAnalytics": [
                        {
                            "workspaceResourceId": "[parameters('AppInsightsWorkspaceResourceID')]",
                            "name": "[concat('RuleDest', variables('suffix'))]"
                        }
                    ]
                },
                "dataFlows": [
                    {
                        "streams": [
                            "[concat('Custom-', 'Awareness_Performance_Details')]"
                        ],
                        "destinations": [
                            "[concat('RuleDest', variables('suffix'))]"
                        ],
                        "transformKql": "source\n| extend TimeGenerated = todatetime(now())",
                        "outputStream": "[concat('Custom-', 'Awareness_Performance_Details', '_CL')]"
                    },
                    {
                        "streams": [
                            "[concat('Custom-', 'Awareness_SafeScore_Details')]"
                        ],
                        "destinations": [
                            "[concat('RuleDest', variables('suffix'))]"
                        ],
                        "transformKql": "source\n| extend TimeGenerated = todatetime(now())",
                        "outputStream": "[concat('Custom-', 'Awareness_SafeScore_Details', '_CL')]"
                    },
                    {
                        "streams": [
                            "[concat('Custom-', 'Awareness_User_Data')]"
                        ],
                        "destinations": [
                            "[concat('RuleDest', variables('suffix'))]"
                        ],
                        "transformKql": "source\n| extend TimeGenerated = todatetime(now())",
                        "outputStream": "[concat('Custom-', 'Awareness_User_Data', '_CL')]"
                    },
                    {
                        "streams": [
                            "[concat('Custom-', 'Awareness_Watchlist_Details')]"
                        ],
                        "destinations": [
                            "[concat('RuleDest', variables('suffix'))]"
                        ],
                        "transformKql": "source\n| extend TimeGenerated = todatetime(now())",
                        "outputStream": "[concat('Custom-', 'Awareness_Watchlist_Details', '_CL')]"
                    }
                ]
            }
        },
        {
            "type": "Microsoft.Insights/components",
            "apiVersion": "2020-02-02",
            "name": "[variables('FunctionName')]",
            "location": "[resourceGroup().location]",
            "kind": "web",
            "properties": {
                "Application_Type": "web",
                "ApplicationId": "[variables('FunctionName')]",
                "WorkspaceResourceId": "[trim(parameters('AppInsightsWorkspaceResourceID'))]"
            }
        },
        {
            "type": "Microsoft.Storage/storageAccounts",
            "apiVersion": "2019-06-01",
            "name": "[tolower(variables('FunctionName'))]",
            "location": "[resourceGroup().location]",
            "sku": {
                "name": "Standard_LRS",
                "tier": "Standard"
            },
            "kind": "StorageV2",
            "properties": {
                "networkAcls": {
                    "bypass": "AzureServices",
                    "virtualNetworkRules": [],
                    "ipRules": [],
                    "defaultAction": "Allow"
                },
                "supportsHttpsTrafficOnly": true,
                "encryption": {
                    "services": {
                        "file": {
                            "keyType": "Account",
                            "enabled": true
                        },
                        "blob": {
                            "keyType": "Account",
                            "enabled": true
                        }
                    },
                    "keySource": "Microsoft.Storage"
                }
            }
        },
        {
            "type": "Microsoft.Storage/storageAccounts/blobServices",
            "apiVersion": "2019-06-01",
            "name": "[concat(variables('FunctionName'), '/default')]",
            "dependsOn": [
                "[resourceId('Microsoft.Storage/storageAccounts', tolower(variables('FunctionName')))]"
            ],
            "sku": {
                "name": "Standard_LRS",
                "tier": "Standard"
            },
            "properties": {
                "cors": {
                    "corsRules": []
                },
                "deleteRetentionPolicy": {
                    "enabled": false
                }
            }
        },
        {
            "type": "Microsoft.Storage/storageAccounts/fileServices",
            "apiVersion": "2019-06-01",
            "name": "[concat(variables('FunctionName'), '/default')]",
            "dependsOn": [
                "[resourceId('Microsoft.Storage/storageAccounts', tolower(variables('FunctionName')))]"
            ],
            "sku": {
                "name": "Standard_LRS",
                "tier": "Standard"
            },
            "properties": {
                "cors": {
                    "corsRules": []
                }
            }
        },
        {
            "type": "Microsoft.Web/sites",
            "apiVersion": "2018-11-01",
            "name": "[variables('FunctionName')]",
            "location": "[resourceGroup().location]",
            "dependsOn": [
                "[resourceId('Microsoft.Storage/storageAccounts', tolower(variables('FunctionName')))]",
                "[resourceId('Microsoft.Insights/components', variables('FunctionName'))]"
            ],
            "kind": "functionapp,linux",
            "identity": {
                "type": "SystemAssigned"
            },
            "properties": {
                "name": "[variables('FunctionName')]",
                "httpsOnly": true,
                "clientAffinityEnabled": true,
                "alwaysOn": true,
                "reserved": true,
                "siteConfig": {
                    "linuxFxVersion": "python|3.12"
                }
            },
            "resources": [
                {
                    "apiVersion": "2018-11-01",
                    "type": "config",
                    "name": "appsettings",
                    "dependsOn": [
                        "[concat('Microsoft.Web/sites/', variables('FunctionName'))]"
                    ],
                    "properties": {
                        "FUNCTIONS_EXTENSION_VERSION": "~4",
                        "FUNCTIONS_WORKER_RUNTIME": "python",
                        "APPINSIGHTS_INSTRUMENTATIONKEY": "[reference(resourceId('Microsoft.insights/components', variables('FunctionName')), '2015-05-01').InstrumentationKey]",
                        "APPLICATIONINSIGHTS_CONNECTION_STRING": "[reference(resourceId('microsoft.insights/components', variables('FunctionName')), '2015-05-01').ConnectionString]",
                        "AzureWebJobsStorage": "[concat('DefaultEndpointsProtocol=https;AccountName=', toLower(variables('FunctionName')),';AccountKey=',listKeys(resourceId('Microsoft.Storage/storageAccounts', toLower(variables('FunctionName'))), '2019-06-01').keys[0].value, ';EndpointSuffix=',toLower(variables('StorageSuffix')))]",
                        "AZURE_CLIENT_ID": "[parameters('AzureClientID')]",
                        "AZURE_CLIENT_SECRET": "[parameters('AzureClientSecret')]",
                        "AZURE_TENANT_ID": "[parameters('AzureTenantID')]",
                        "Azure_Workspace_Name": "[parameters('WorkspaceName')]",
                        "Azure_Subscription_Id": "[parameters('AzureSubscriptionID')]",
                        "BaseURL": "[trim(parameters('MimecastBaseURL'))]",
                        "MimecastClientID": "[trim(parameters('MimecastClientID'))]",
                        "MimecastClientSecret": "[trim(parameters('MimecastClientSecret'))]",
                        "File_Share_Name": "mimecast-checkpoints",
                        "Schedule": "[trim(parameters('Schedule'))]",
                        "LogLevel": "[trim(parameters('LogLevel'))]",
                        "WEBSITE_RUN_FROM_PACKAGE": "https://aka.ms/sentinel-MimecastAT-functionapp",
                        "SCOPE": "[variables('scope')]",
                        "AZURE_DATA_COLLECTION_ENDPOINT": "[reference(resourceId('Microsoft.Insights/dataCollectionEndpoints', variables('endpointName'))).logsIngestion.endpoint]",
                        "AZURE_DATA_COLLECTION_RULE_ID_MAIN_TABLES": "[reference(resourceId('Microsoft.Insights/dataCollectionRules', variables('mainRuleName'))).immutableId]"
                    }
                }
            ]
        },
        {
            "type": "Microsoft.Storage/storageAccounts/blobServices/containers",
            "apiVersion": "2019-06-01",
            "name": "[concat(variables('FunctionName'), '/default/azure-webjobs-hosts')]",
            "dependsOn": [
                "[resourceId('Microsoft.Storage/storageAccounts/blobServices', variables('FunctionName'), 'default')]",
                "[resourceId('Microsoft.Storage/storageAccounts', variables('FunctionName'))]"
            ],
            "properties": {
                "publicAccess": "None"
            }
        },
        {
            "type": "Microsoft.Storage/storageAccounts/blobServices/containers",
            "apiVersion": "2019-06-01",
            "name": "[concat(variables('FunctionName'), '/default/azure-webjobs-secrets')]",
            "dependsOn": [
                "[resourceId('Microsoft.Storage/storageAccounts/blobServices', variables('FunctionName'), 'default')]",
                "[resourceId('Microsoft.Storage/storageAccounts', variables('FunctionName'))]"
            ],
            "properties": {
                "publicAccess": "None"
            }
        },
        {
            "type": "Microsoft.Storage/storageAccounts/fileServices/shares",
            "apiVersion": "2019-06-01",
            "name": "[concat(variables('FunctionName'), '/default/', tolower(variables('FunctionName')))]",
            "dependsOn": [
                "[resourceId('Microsoft.Storage/storageAccounts/fileServices', variables('FunctionName'), 'default')]",
                "[resourceId('Microsoft.Storage/storageAccounts', variables('FunctionName'))]"
            ],
            "properties": {
                "shareQuota": 5120
            }
        },
        {
            "type": "Microsoft.Authorization/roleDefinitions",
            "apiVersion": "2022-04-01",
            "name": "[variables('dcrRoleId')]",
            "properties": {
                "assignableScopes": [
                    "[resourceGroup().id]",
                    "[resourceId('Microsoft.Insights/dataCollectionRules', variables('mainRuleName'))]"
                ],
                "description": "Entra ID application access role",
                "permissions": [
                    {
                        "actions": [
                            "Microsoft.Insights/Register/Action",
                            "Microsoft.Support/*",
                            "Microsoft.Resources/subscriptions/resourceGroups/read"
                        ],
                        "dataActions": [
                            "Microsoft.Insights/Metrics/Write",
                            "Microsoft.Insights/Telemetry/Write"
                        ]
                    }
                ],
                "roleName": "[variables('dcrRoleName')]",
                "type": "customRole"
            }
        },
        {
            "type": "Microsoft.Authorization/roleAssignments",
            "apiVersion": "2022-04-01",
            "name": "[guid(resourceGroup().id, concat('Main DCR Role assignment', variables('FunctionName')))]",
            "dependsOn": [
                "[variables('dcrRoleId')]",
                "[variables('mainRuleName')]"
            ],
            "scope": "[resourceId('Microsoft.Insights/dataCollectionRules', variables('mainRuleName'))]",
            "properties": {
                "roleDefinitionId": "[resourceId('Microsoft.Authorization/roleDefinitions', variables('dcrRoleId'))]",
                "principalId": "[parameters('AzureEntraObjectID')]"
            }
        }
    ]
}